Project,FA
2500,THUY
2600,THUY
3008,JENNY
3041,JENNY
3048,JENNY
5006,AIRA
5015,ANGIE
5016,ANGIE
5022,ANGIE
5026,ANGIE
5035,ANURA
5038,EDWARD
5049,AIRA
5061,YUE
5063,WENFEI
5069,ANGIE
5079,ANGIE
5093,EDWARD
5103,ANGIE
5104,YUE
5105,ANGIE
5106,YUE
5107,AMAL
5108,AMAL
5110,THUY
5111,EDWARD
5114,LEANNE
5115,ANGIE
5117,AMAL
5118,MARCEL
5120,MARCEL
5125,AMRIT
5127,AMAL
5128,MOHD
5131,AMRIT
5133,AMRIT
5134,AMRIT
5135,AMRIT
5141,MARCEL
5142,MARCEL
5143,ANURA
5144,AMAL
5145,MARCEL
5146,MARCEL
5147,AMAL
5149,ANGIE
5150,EDWARD
5156,MARCEL
5161,TONY
5162,LEANNE
5163,ANGIE
5164,AMAL
5167,AMRIT
5168,AMRIT
5170,AMRIT
5176,AMAL
5183,ANURA
5184,ANURA
5186,ANGIE
5198,LEANNE
5199,SAYEED
5200,TONY
5201,SAYEED
5203,SAYEED
5204,SAYEED
5209,YUE
5212,ANURA
5213,MOHD
5216,ABHIJOT
5218,MOHD
5220,ABHIJOT
5226,MOHD
5228,EDWARD
5229,AIRA
5232,ANGIE
5234,EDWARD
5235,TONY
5236,ANGIE
5237,ANURA
5238,AMAL
5240,ANGIE
5243,TONY
5245,TONY
5253,ABHIJOT
5255,LEANNE
5256,EDWARD
5257,EDWARD
5258,EDWARD
5260,EDWARD
5261,ANURA
5262,SAYEED
5263,SAYEED
5266,YUE
5267,ANGIE
5271,MOHD
5272,TONY
5273,TONY
5274,AIRA
5275,ANGIE
5277,MOHD
5278,MOHD
5280,ABHIJOT
5281,ANURA
5285,ABHIJOT
5286,EDWARD
5290,AMRIT
5291,ANGIE
5292,ANGIE
5293,AMRIT
5295,ANURA
5300,MOHD
5301,AMAL
5302,ANURA
5303,ANURA
5306,ABHIJOT
5308,ABHIJOT
5310,MARCEL
5311,WENFEI
5312,MARCEL
5314,EDWARD
5315,AMAL
5321,ANGIE
5322,JENNY
5323,ANURA
5324,WENFEI
5325,KEVIN
5326,ANURA
5327,ANURA
5328,ANURA
5335,ANGIE
5336,MOHD
5337,MOHD
5339,ANURA
5344,AMRIT
5345,AMRIT
5350,ANGIE
5353,MARCEL
5358,MOHD
5362,ANURA
5363,AMAL
5365,MARCEL
5367,YUE
5368,ABHIJOT
5369,AIRA
5370,ANURA
5374,ABHIJOT
5375,MOHD
5377,MARCEL
5379,WENFEI
5380,SAYEED
5381,MARCEL
5383,MARCEL
5385,SAYEED
5386,AIRA
5387,KEVIN
5388,AMAL
5389,AMAL
5390,AMAL
5392,WENFEI
5393,WENFEI
5394,ANGIE
5395,EDWARD
5397,WENFEI
5398,AMRIT
5419,TONY
5425,TONY
5428,MARCEL
5429,EDWARD
5432,CATHY
5432,CATHY
5457,CATHY
5458,CATHY
5441,EDWARD
5443,EDWARD
5447,EDWARD
5452,CATHY
5452,CATHY
5455,TONY
5456,TONY
5460,CATHY/ASHIM
5502,AMRIT
5504,AIRA
5505,MOHD
5506,MARCEL
5508,ANGIE
5509,ANGIE
5510,MARCEL
5512,TONY
5513,ANGIE
5514,ANGIE
5516,AIRA
5517,AIRA
5518,ANGIE
5519,TONY
5520,MARCEL
5521,AIRA
5522,JENNY
5523,ABHIJOT
5525,ANURA
5526,ANURA
5527,ANGIE
5528,KEVIN
5529,KEVIN
5531,MOHD
5533,MOHD
5534,ANGIE
5535,AMRIT
5536,JENNY
5537,KEVIN
5541,MARCEL
5542,JENNY
5544,AIRA
5545,KEVIN
5547,EDWARD
5550,ANURA
5551,ANURA
5552,AMAL
5553,AMRIT
5555,TONY
5556,ABHIJOT
5557,ABHIJOT
5558,JENNY
5560,KEVIN
5563,JENNY
5564,ABHIJOT
5565,ANGIE
5566,SAYEED
5567,SAYEED
5571,KEVIN
5573,ANGIE
5574,MOHD
5575,MOHD
5576,YUE
5579,EDWARD
5580,ANGIE
5581,AMRIT
5582,JENNY
5583,ABHIJOT
5585,AMAL
5587,KEVIN
5590,KEVIN
5593,EDWARD
5594,LEANNE
5595,ABHIJOT
5596,KEVIN
5597,KEVIN
5598,LEANNE
5601,ANGIE
5603,ANGIE
5604,SAYEED
5608,WENFEI
5609,WENFEI
5610,EDWARD
5611,EDWARD
5613,WENFEI
5614,KEVIN
5615,ABHIJOT
5616,YUE
5618,SAYEED
5619,KEVIN
5620,ABHIJOT
5621,ANGIE
5626,EDWARD
5627,AMRIT
5628,AMRIT
5629,AMAL
5631,AMRIT
5632,JENNY
5633,ANURA
5634,ANURA
5635,ANGIE
5636,AMRIT
5637,YUE
5642,ABHIJOT
5643,AMRIT
5645,EDWARD
5651,AMAL
5655,ANURA
5656,TONY
5657,TONY
5658,TONY
5661,SAYEED
5663,ABHIJOT
5664,SAYEED
5666,AMRIT
5672,AIRA
5673,AIRA
5674,AMAL
5675,AMRIT
5676,AMRIT
5677,TONY
5678,AMRIT
5679,SAYEED
5681,JENNY
5682,ABHIJOT
5683,EDWARD
5684,MOHD
5685,SAYEED
5688,SAYEED
5689,AIRA
5690,LEANNE
5691,LEANNE
5692,LEANNE
5693,AIRA
5695,YUE
5697,LEANNE
5699,AIRA
5700,JENNY
5702,MARCEL
5704,AMAL
5705,JENNY
5706,ABHIJOT
5708,WENFEI
5709,AMAL
5710,WENFEI
5711,ABHIJOT
5712,AIRA
5714,ANURA
5715,AMRIT
5717,AIRA
5718,WENFEI
5719,KEVIN
5720,JENNY
5721,AIRA
5722,WENFEI
5723,AMRIT
5724,AIRA
5725,AIRA
5726,AIRA
5730,WENFEI
5731,ABHIJOT
5732,ANURA
5733,ABHIJOT
5734,MARCEL
5735,MOHD
5736,YUE
5737,EDWARD
5738,YUE
5739,AIRA
5741,MOHD
5742,AMAL
5743,BRANDON
5744,SAYEED
5745,EDWARD
5746,MARCEL
5747,MOHD
5748,DAVID
5749,ABHIJOT
5750,TONY
5751,WENFEI
5752,YUE
5753,LEANNE
5754,AMAL
5756,AIRA
5757,AMAL
5758,KEVIN
5759,AMAL
5760,MARCEL
5761,ABHIJOT
5762,TONY
5763,YUE
5764,YUE
5765,MOHD
5766,JENNY
5767,ABHIJOT
5768,LEANNE
5769,TONY
5770,BRANDON
5771,DAVID
5772,WENFEI
5773,DAVID
5774,DAVID
5775,TONY
5776,WENFEI
5777,BRANDON
5778,BRANDON
5779,BRANDON
5780,MARCEL
5781,MARCEL
5782,MARCEL
5783,ANURA
5784,MOHD
5785,DAVID
5786,LEANNE
5787,LEANNE
5788,BRANDON
5789,BRANDON
5790,ANGIE
5791,LEANNE
5792,AIRA
5793,LEANNE
5794,KEVIN
5795,KEVIN
5796,AMAL
5797,MOHD
5798,MOHD
5799,DAVID
5800,BRANDON
5801,DAVID
5802,DAVID
5803,DAVID
5804,LEANNE
5805,LEANNE
5806,LEANNE
5807,BRANDON
5808,LEANNE
5809,LEANNE
5810,LEANNE
5811,LEANNE
5812,DAVID
5813,KEVIN
5814,DAVID
5815,LEANNE
5816,BRANDON
5817,BRANDON
5818,KEVIN
5819,LEANNE
5820,ANURA
5821,TONY
5822,LEANNE
5823,DAVID
5824,BRANDON
5825,MARCEL
5826,DAVID
5827,BRANDON
5828,TONY
5829,KEVIN
5830,KEVIN
5831,KEVIN
5832,KEVIN
5833,KEVIN
5834,TBA
5837,TBA
